epoch,train_loss,val_loss,train_dice_WT,train_dice_TC,train_dice_ET,val_dice_WT,val_dice_TC,val_dice_ET,minutes
1,1.1354969610539518,1.0063743850459224,0.1174060842094495,0.1241153026822694,0.1025279302067888,0.2589828336165975,0.2022077514810244,0.1879016456014537,1.3523475090662638
2,0.9808881597001424,0.953392070920571,0.3399239127026048,0.2817660956535228,0.2593143883977056,0.3916691672056913,0.3485022733726984,0.32270834410472,1.1884593804677328
3,0.9417761425639308,0.9256414155597272,0.4626827207646629,0.4316153344950935,0.4046631315673427,0.5001731435160922,0.4879227549333692,0.4217799827317282,1.1872525254885355
4,0.9139216366664384,0.9007796651643256,0.5704638590646345,0.5450708582535271,0.4933732316735409,0.5871546704969977,0.5427069366939933,0.5007595444381561,1.1875527024269104
5,0.8865662041560624,0.8821375046087347,0.656137748282085,0.597059138812298,0.5249787331233884,0.6097958744706019,0.5419502223072492,0.4711441636571418,1.191908343633016
6,0.8598695711572041,0.8527477130941723,0.7191680375226709,0.6554405953763991,0.5763670584879989,0.6840053173186986,0.6051395405590049,0.5198042277631391,1.1936065991719564
7,0.8368117208628691,0.8316500471985858,0.7750393958516824,0.6775322244610897,0.6014274776328442,0.7395751475477996,0.6429242351213875,0.5669585275261299,1.192239514986674
8,0.8165223025536352,0.8135690915843715,0.8006510200888611,0.68767182263293,0.6146456901922139,0.7301747036854858,0.6393301668222588,0.55676539355646,1.1898544033368428
9,0.7969587925792665,0.7945809519809225,0.8069706764794136,0.6995313680449198,0.6162689320540936,0.7750168907577577,0.6701442965852987,0.5801686752415465,1.1944543560345968
10,0.7772991772769957,0.7774878150742986,0.8177363119384115,0.7138460290062335,0.6308606042853347,0.7679648057598135,0.670523762713065,0.5815520995478753,1.192439877986908
11,0.7580107875572618,0.759659978358642,0.8282693904037624,0.7238977146010066,0.6399125305849106,0.7700006511548291,0.6896013451497192,0.5997163291562491,1.2948845068613688
12,0.737982589607091,0.7413802302401998,0.8369888566261114,0.7427685773649881,0.6585580265337183,0.790839635402612,0.7001131978139038,0.5955299478449413,1.1880951921145122
13,0.7215724536614825,0.7279976625805316,0.8317649061827697,0.7315221950989361,0.664994734422441,0.7826478904032189,0.6917759193735116,0.6136652151661742,1.185875372091929
14,0.7024628205816875,0.7099325242249862,0.8432103649590367,0.7419019905171653,0.6650953853084135,0.8062962560873964,0.7129690186525492,0.6247410995597222,1.1875808159510295
15,0.6833233662353929,0.6988914369241052,0.8503068366716074,0.7575407647347265,0.6663231255067873,0.7859900180736313,0.6463428045440789,0.5707445779344593,1.1911613464355468
16,0.6644183489703392,0.678453640445419,0.8478875689266264,0.7612240192039993,0.6842879013541018,0.7816942232944395,0.7080518072471023,0.6172550475685452,1.1933685541152954
17,0.6450645766516988,0.6606993578050447,0.855794626612996,0.7755360792773639,0.7013792731301036,0.8041709862325502,0.705308381528796,0.61862515995365,1.1992396275202433
18,0.6245889816173288,0.6459928022130675,0.8544145184893941,0.7793896625670351,0.6919872039999423,0.7788436185244633,0.7081061766442397,0.6157656179325979,1.1971160093943278
19,0.6047742884288463,0.6247049884303756,0.8590469540551652,0.7808829141679661,0.6939346718118172,0.7995936878673409,0.7235272945330032,0.63151831940353,1.1972172458966572
20,0.5815718559793723,0.6038132695400197,0.861623692420102,0.7995485605657563,0.7039637973950815,0.8277636032713496,0.7452424394736148,0.6393184966670916,1.1965423901875814
21,0.5594694196253784,0.5902752617131108,0.8685479219569716,0.7891992476097373,0.7179117661922477,0.8247214207506698,0.738302037909465,0.6554556770817094,1.2022024631500243
22,0.5339953760768092,0.5638716969153156,0.8700591127077738,0.797179170819216,0.7206610580545294,0.8523138144417949,0.7588977897033581,0.6622015265241751,1.2073373238245646
23,0.512024614006974,0.5405217075477475,0.8745050046795099,0.8003303879915282,0.7163230969133794,0.820672107293554,0.7521674719882077,0.6607266072507786,1.2104965885480246
24,0.4877369036508161,0.5219899448363677,0.8765601959339407,0.8020931925884512,0.7073976500081657,0.8325404792052248,0.743230668200261,0.6590398850081407,1.20422549645106
25,0.45728091329567194,0.4914341369724792,0.8785655115001886,0.809144798175309,0.7372673472115235,0.823385470263336,0.7489875152950054,0.6729846681751634,1.2010948499043783
26,0.4302576979001363,0.46789165991155995,0.8871457257936167,0.8113651407319445,0.7291804776750794,0.851409104531226,0.7594506312364145,0.6685869747180613,1.2087380091349285
27,0.4017485600802325,0.44595416521896486,0.893452969170356,0.8191273570522781,0.731542085326284,0.8547027046265809,0.7531209897006983,0.6782341935145466,1.2058693289756774
28,0.37529335685016574,0.4212396128670029,0.8890699887460516,0.8164564829695132,0.7537928571881249,0.8450283855199814,0.7601785195444751,0.6911315935253894,1.210391596953074
29,0.35097880026166756,0.4007799071462258,0.8934854971346005,0.8263896553553352,0.759207201674003,0.8682371371466181,0.7766298841806534,0.6958545352725828,1.198948327700297
30,0.3274056366247724,0.3799867249377396,0.9003119168355483,0.8317742283030074,0.7804096445094707,0.8640330158497976,0.7895324508578557,0.6931616079426653,1.1990409294764202
31,0.31011393319728764,0.36600870938728686,0.9022959831149079,0.8357814536538235,0.7756957596586657,0.8549141172805558,0.7846668076741955,0.710922081914285,1.2016676743825276
32,0.2968313787565675,0.35451506224015483,0.9033974926601085,0.8352614745151165,0.7683822862341885,0.8665529322688994,0.7815278216832034,0.6935305487486008,1.1970400134722392
33,0.28483263432055483,0.33850021652229456,0.9003914714783661,0.8343342189178911,0.7819221002417941,0.869961960160214,0.7890863190202609,0.709030242393846,1.2024048209190368
34,0.27475888611272326,0.3267255239188671,0.9058854214904845,0.8387257154135741,0.7734863019382306,0.8720142047690309,0.7854180784248139,0.7085380696327143,1.202506180604299
35,0.2624348696581153,0.31472153103222017,0.9075601895650228,0.8372800955476687,0.78200536590907,0.8817017535152643,0.7907501716652642,0.7109926211769166,1.1988691409428915
36,0.2561232112636862,0.31004145004503103,0.9045251487761505,0.8443093967530154,0.7697285451861315,0.8757855529370515,0.795318592177785,0.7116454203724456,1.2033437689145405
37,0.2543656414793443,0.3067205516702455,0.9026264857876208,0.830349805974221,0.7799568190708641,0.8538928304029547,0.7784339464674501,0.7188408450911874,1.2110318303108216
38,0.23716088615415631,0.29187486547490826,0.9078969387120979,0.8487598129021104,0.7871399413534376,0.878838082694489,0.7951135610473221,0.7227693426058345,1.2027536233266194
39,0.23555430977843528,0.2884026883250993,0.9124820546586384,0.8496063097502834,0.7860483637498331,0.8800167156302411,0.7985061371051099,0.7193632109050193,1.2048035780588786
40,0.22426830428515293,0.2847783129014399,0.9109403139861055,0.8522519825040832,0.8042920803607896,0.8775234721277071,0.7957741089732103,0.7174428187452419,1.2051647702852886
41,0.224016795093699,0.2810715323557024,0.9095132600429446,0.855070642260618,0.7919272365582775,0.8804959606217302,0.7900917990862028,0.7139361112925183,1.2065756797790528
42,0.22527215912822604,0.27445949549260346,0.910503861516021,0.8477758864561716,0.7818348918023498,0.8781596681346064,0.7961770707498426,0.7211263523052406,1.2013691703478495
43,0.21895539569993352,0.27039414628044417,0.9109695521435996,0.8476009960322417,0.7954028828661571,0.8767189046610957,0.80217056530629,0.7260280668143304,1.2009639660517375
44,0.22109600953584493,0.2701374114207599,0.9090863946796388,0.8445069581963295,0.7827343840383051,0.8738506479168554,0.7978663907750793,0.7183946695016779,1.1997536341349284
45,0.22131278758594233,0.2688869501909484,0.9091028155282487,0.8416652788025464,0.7844033587079625,0.8809029962057653,0.7934984826158894,0.7225048949299178,1.1999136726061503
46,0.21262691372124723,0.26575687446671986,0.9124341034149939,0.8547594013602234,0.7833368447541562,0.8758415045297664,0.8036571931012947,0.7210850068165556,1.2075523018836976
47,0.20622563333243363,0.26112655315386213,0.9116165868995726,0.8613129918889482,0.7954560492851938,0.8820965439081192,0.8068101867709471,0.722607451053235,1.1997410297393798
48,0.2009983531726423,0.25984566221418587,0.9107930558596471,0.8617308518683263,0.8058905666188676,0.881082007256539,0.8077252851090515,0.7208383716946549,1.199113142490387
49,0.2046441855125649,0.2641154706640088,0.9123719205227934,0.8586570176967355,0.793113096133452,0.8858518597224484,0.7826604833219039,0.7237666900391164,1.1969598054885864
50,0.20325237760941187,0.2583797839672669,0.912018379499746,0.8579619700132415,0.8012650780938837,0.8744386735817661,0.8006204936815344,0.7157306713355787,1.1954972942670186
